高中 生物 分子与细胞 组成细胞的化学元素 组成细胞的化合物,菠菜从土壤中吸收的氮元素可以用来合成（）A.淀粉和纤维素B.葡萄糖和DNAC.核酸和蛋白质D.麦芽糖和脂肪酸
高中 生物 稳态与环境 神经调节和体液调节的比较,下列有关生物体内信息传递的叙述，正确的是（）A下丘脑分泌的促甲状腺激素释放激素，可作用于甲状腺B小肠黏膜产生促胰液素，可作用于胰岛细胞C突触前膜释放神经递质，可作用于肌肉和某些腺体D燕麦幼根细胞分裂素含量较高，可促进乙烯的合成
高中 生物 生物技术实践 生物工程技术,从自然菌样筛选较理想生产菌种的一般步骤是：采集菌样→富集培养→纯种分离→性能测定．1.不同微生物的生存环境不同，获得理想微生物的第一步是从适合的环境采集菌样，然后再按一定的方法分离、纯化．培养嗜盐菌的菌样应从环境采集．2.富集培养指创设仅适合待分离微生物生长的特定环境条件，使其数量大大增加，从而分离出所需微生物的培养方法．对降解苯酚的微生物的富集培养应选择的培养基．3.如图为分离纯化降解苯酚细菌的部分操作步骤．请回答下列问题：培养基常用灭菌方法是在温度为℃条件下，维持15﹣30min．①是制备培养基时中的主要操作．完成步骤④的操作，接种共需要次的灼烧处理．划线的某个平板经培养后，第一划线区域的划线上都不间断地长满了菌落，第二划线区域的第一条线上无菌落，其它划线上有菌落．造成划线无菌落可能的操作失误有．4.培养一段时间后，在培养基表面形成多个单菌落，不同菌株降解苯酚能力有差异，需要做降解能力的性能测定，为选出降解能力强的菌株，具体思路是：．5.获得分解能力强的菌种后，为了临时保存菌种，把菌种接种在试管的培养基上，在合适温度下培养，等菌落长成后，再放入4℃冰箱保藏．
高中 生物 生物技术实践 生物技术在其他方面的应用 器官移植 复等位基因 胚胎移植 基因工程的概念 基因工程的原理及技术,目前，精子载体法逐渐成为具有诱惑力的制备转基因动物方法之一，该方法以精子作为外源基因的载体，使精子携带外源基因进入卵细胞受精．如图表示利用该方法制备转基因鼠的基本流程．请据图回答：1.精子载体法过程中外源基因能够整合到精子的上是提高转化率的关键，因为受精时只有精子的才能进入卵细胞中．2.过程②采用的是技术，卵细胞必需是培养到时期才能进行．3.利用转基因动物分泌的乳汁来生产药物的反应器是科学家用药用蛋白基因与的启动子等调控组件重组在一起，然后导入哺乳动物的受精卵中，最终生长发育成转基因动物．4.过程③中形成无毒环境的做法是；该过程通入氧气的目的是．
高中 地理 宇宙中的地球 地球运动的地理意义,某人想乘普通飞机在一年中连续过两次生日，你认为应穿越（）A赤道B两级C本初子午线D国际日期变更线
高中 地理 宇宙中的地球 太阳对地球的影响,关于太阳辐射对地球影响的叙述，正确的是（）A太阳放出的能量中到达地球的很多，成为地球表面自然环境变化的主要动力B太阳能是目前人类日常生活和生产所用的能源C太阳辐射能是地球上大气、水、生物和火山活动的主要动力D煤、石油、核能等能源在形成过程中固定了大量的太阳辐射能
高中 生物 分子与细胞 溶酶体的结构和功能 与细胞分裂有关的细胞器 高尔基体的结构和功能 中心体的结构和功能 液泡的结构和功能 内质网的结构和功能 核糖体的结构和功能 走进细胞,如图分别为两种细胞器的部分结构示意图，其中分析错误的是（）A.图a表示线粒体，[H]与氧结合形成水发生在有折叠的膜上B.图b表示叶绿体，直接参与光合作用的膜上有色素的分布C.两图代表的细胞器都与能量转换有关，并可共存于一个细胞D.两图所示的结构与ATP形成有关的酶都在内膜和基质中
高中 生物 生物科学与社会 不完全显性 人工授精、试管婴儿等生殖技术 生物性污染 避孕的原理和方法,如图为某遗传病的系谱图，以下判断正确的是（）A母亲肯定是纯合子，子女是杂合子B该遗传病女性发病率高于男性C该遗传病不可能是X染色体上的隐性遗传D子女中的致病基因不可能来自父亲
高中 历史 古代史 中央官制——三公九卿制 郡县制 “重农抑商”政策 夏商两代的政治制度 皇帝制度,1399年，明太祖朱元璋第四子燕王朱棣起兵反叛侄儿朱允炆，攻占都城南京，赶跑了当时明朝建文帝——朱允炆，登上皇帝宝座，史称明成祖。他虽然成功开创了中国封建历史上著名的“永乐盛世”，但后来封建史家仍以“篡位”视之，主要是因为他（）A.是以武力夺取皇位的B.违背了嫡长子继承制C.违背封建道德规范D.不符合封建史家的利益
高中 生物 分子与细胞 蛋白质的合成 组成细胞的化学元素 组成细胞的化合物,下列不属于蛋白质的是（）A.性激素B.淀粉酶C.胰岛素D.抗体
高中 生物 生物技术实践 生物技术在其他方面的应用 复等位基因 基因工程的概念 基因工程的原理及技术,Ti质粒上有T﹣DNA，这种DNA可以转移到受体细胞，这种DNA可以转移到受体细胞，并且整合到受体细胞染色体的DNA上．这种质粒存在于（）A大肠杆菌B农杆菌C酵母菌D苏云金芽孢杆菌
高中 地理 宇宙中的地球 地球运动的地理意义,广东省肇庆市七星岩仙女湖畔有一座长达1000多米的天然石山酷似一尊卧佛（卧佛头朝正北脚朝正南）。每年九、十月份都有几天在太阳下山时，可见到太阳徐徐从卧佛口中落下，形成“卧佛含丹”的地理奇观（如下图所示），欣赏“卧佛含丹”的奇观，应在“佛头”的（）方位A西南B东南C西北D东北
高中 生物 生物科学与社会 人工授精、试管婴儿等生殖技术 减数分裂与有丝分裂的比较 生物性污染 避孕的原理和方法,人类在正常情况下，男性产生的精子中常染色体数和性染色体种类的组合是（）A22+XYB22+XC44+XYD22+X或22+Y
高中 生物 生物科学与社会 生物技术在其他方面的应用 器官移植 复等位基因 胚胎移植 基因工程的概念 基因工程的原理及技术,请回答下列与基因工程、胚胎工程、生态工程有关的生物学问题：1.基因工程技术中获得目的基因后，利用PCR技术将该基因扩增，前提是要有一段已知目的基因的核苷酸序列，以便根据这一序列合成．PCR技术中需要的关键酶是．2.将目的基因导入植物细胞采用最多的方法是农杆菌转化法，农杆菌的作用是．我国培育的转基因抗虫棉发展迅猛，请写出分子水平检测抗虫棉基因是否表达的方法．3.体外受精是胚胎工程的重要环节，来自母方的卵母细胞要在输卵管内进一步成熟，达到时期，才具备与精子受精的能力．胚胎移植是胚胎工程最后一道工序，其重要意义是．4.桑基鱼塘生态系统能充分利用废弃物中的能量，形成无废弃物农业，这主要遵循了生态工程的原理．我国西北一些地区年降雨量较少，适宜种植灌木和草，却被硬性种植了属于乔木的杨树，结果许多杨树长得半死不活，防护林成为残败的“灰色长城”．其失败的原因主要是违背了原理．
高中 地理 人口与城市 人口增长与人口问题,造成X，Y两国人口增长模式差异的根本原因是（）A经济水平B教育水平C历史条件D自然条件
高中 历史 近代史 中央官制——三公九卿制 郡县制 “重农抑商”政策 夏商两代的政治制度 皇帝制度 文艺的春天,公元前六世纪到公元前四世纪是东西方哲学思想发展的重要时期，当时对儒家的“民本思想”与智者学派的“人文主义”思想出现的社会背景主要的不同是（）A.讨论主题不同B.诞生的政治氛围不同C.价值取向不同D.所处的历史阶段不同
高中 地理 宇宙中的地球 地球运动的地理意义,两幅图分别是两条大河的河口图，图中小岛因泥沙不断堆积而扩展，最终将与河的哪岸相连（）①甲岸②乙岸③丙岸④丁岸A①③B②③C①④D②④
高中 生物 生物科学与社会 避孕的原理和方法 遗传的分子基础 遗传的细胞基础 人工授精、试管婴儿等生殖技术 生物性污染 基因的自由组合规律的实质及应用,一种鹰的羽毛有条纹和非条纹、黄色和绿色的差异，已显示了鹰羽毛的杂交遗传，对此合理的解释是()①绿色对黄色完全显性②绿色对黄色不完全显性③控制羽毛性状的两对基因完全连锁④控制羽毛性状的两对基因自由组合A.①③B.①④C.②③D.②④
高中 地理 宇宙中的地球 太阳对地球的影响,太阳的大气层由里向外依次是（）A日冕、色球、光球B色球、光球、日冕C日冕、光球、色球D光球、色球、日冕
高中 生物 生物科学与社会 避孕的原理和方法 减数分裂的概念 人工授精、试管婴儿等生殖技术 生物性污染 减数分裂与有丝分裂的比较,下列甲、乙分裂过程中产生配子时发生的变异图解，请判断下列说法正确的是（）A甲图中发生了基因突变，乙图中发生了基因重组B甲图中的a基因是由于交叉互换造成的C甲图发生的变异时间在减数第二次分裂间期D乙图造成的变异是发生在减数第一和第二次分裂过程中
高中 生物 生物技术实践 生物技术在其他方面的应用 复等位基因 基因工程的概念 基因工程的原理及技术,下列有关基因工程相关工具的描述，正确的是（）A限制酶能识别并切割DNA任意序列BDNA连接酶与Taq酶作用位点不同C没有与目的基因重组的质粒也可以进入受体细胞D使用质粒运载体可以避免目的基因在受体内被分解
高中 地理 宇宙中的地球 地球运动的基本形式,"关于地球自转特点的叙述,正确的是()A从北极上空看,地球呈顺时针方向旋转B一个太阳日地球自转360°C一个恒星日是24小时D太阳日比恒星日稍长"
高中 地理 宇宙中的地球 地球运动的地理意义,当太阳直射在东经120度经线上，北京（东经116度）的地方时是（）A12时B12时16分C11时44分D11时56分
高中 生物 稳态与环境 群落的结构,下列关于种群数量的叙述中，错误的是（）A.种群数量的变化包括增长、波动、稳定和下降B.种群数量的变化主要取决于迁入率、迁出率、出生率和死亡率C.在自然状态下，种群增长一般呈“J”型曲线D.在自然状态下，种群增长一般呈“S”型曲线
高中 地理 宇宙中的地球 地球运动的基本形式,地球位于公转轨道上的远日点时（）A阳光直射在北回归线上B阳光直射在南回归线上C北半球正值夏季D北回归线以北正午太阳高度最大值
高中 生物 生物科学与社会 避孕的原理和方法 伴性遗传 遗传的分子基础 遗传的细胞基础 人工授精、试管婴儿等生殖技术 生物性污染,果蝇的体细胞中共有8条染色体，并且性别决定方式为XY型，则果蝇卵细胞中的染色体组成是（）A3条常染色体+XB3条常染色体+YC6条常染色体+XYD6条常染色体+X
高中 生物 生物科学与社会 避孕的原理和方法 遗传的分子基础 遗传的细胞基础 人工授精、试管婴儿等生殖技术 生物性污染 基因的自由组合规律的实质及应用,基因的自由组合定律发生于图中哪个过程（）A①B①②C①②③D①②③④
高中 历史 近代史 清末民主革命风潮,“争取一省与几省首先胜利，……没有工人阶级的罢工高潮，没有中心城市的武装暴动，决不能有一省或几省的胜利。不特别注意城市工作、想以‘乡村包围城市’，‘单凭红军来夺取城市！’是一种极错误的观念。”对上述材料理解最准确的是（）A.中国革命必须走中心城市武装暴动的道路B.工农武装割据正确革命道路尚未被全党认可C.大革命失败后，中国革命仍处于高潮D.中共没有找到一条正确革命道路
高中 生物 生物科学与社会 避孕的原理和方法 拉马克的进化学说 减数分裂的概念 人工授精、试管婴儿等生殖技术 生物性污染 减数分裂与有丝分裂的比较,如图1、图2表示某种生物的部分染色体发生变异的示意图，①和②，③和④互为同源染色体，则两图所示的变异（）A均为染色体结构变异B基因的数目和排列顺序均发生改变C均使生物的性状发生改变D均可发生在减数分裂过程中
高中 生物 生物技术实践 生物技术在其他方面的应用,下列有关生态工程的原理和实例中，错误的是（）选项有关事例相关的生态工程原理A无废弃物农业遵循物质循环再生原理B在人工林中增加植被的层次遵循物种多样性原理C无锡太湖水体富营养化引起大面积水华违反协调与平衡原理D前面造林，后面砍林违反系统学和工程学原理AABBCCDD
高中 地理 生产活动与地域联系 农业区位因素,华北平原是典型的传统旱作农业区，制约该地区农业生产的自然条件是（）A水源B地形C热量D交通
高中 生物 生物科学与社会 避孕的原理和方法 遗传的分子基础 遗传的细胞基础 人工授精、试管婴儿等生殖技术 生物性污染 基因的分离规律的实质及应用,在孟德尔进行的一对相对性状的实验中，不具有1：1比例的是（）A杂种产生配子类型的比例B杂种测交后代的性状分离比C杂种自交后代遗传因子组成的比例D杂种测交后代遗传因子组成的比例
高中 生物 生物科学与社会 避孕的原理和方法 伴性遗传 遗传的分子基础 遗传的细胞基础 人工授精、试管婴儿等生殖技术 生物性污染,美国遗传学家摩尔根对孟德尔的遗传理论和萨顿的假说始终持怀疑态度．于是，继孟德尔之后，他又利用果蝇进行了遗传研究．一次他在野生型红眼果蝇原种培养瓶中偶然发现了一只白眼的雄果蝇．就此他做了下列实验：实验一：将该白眼雄果蝇与野生型的红眼雌果蝇交配，其Fl无论雌、雄都是红眼．Fl的红眼雌果蝇与红眼雄果蝇杂交产生的F2中，红眼：白眼=3：1；雌性：雄性=1：1．但是，白眼性状只限于雄蝇．实验二：用最初那只白眼雄蝇与实验一中的Fl雌蝇交配，结果得到了红眼（雌）：红眼（雄）：白眼（雌）：白眼（雄）．请依据上述实验回答下列问题：1.实验一中眼色的遗传是否符合分离定律？；实验完成后，摩尔根提出了一个疑问：白眼性状为什么总是与性别相联系？于是，摩尔根又作了大胆的设想，他的设想是．2.通过上述实验，摩尔根运用的方法，把一个特定的基因和一条特定的染色体﹣X染色体联系起来，从而用实验证明了．3.根据摩尔根的系列实验并结合所学知识，请你再设计一组实验，选择亲本表现型为的果蝇杂交，可以通过后代的眼色直接判断出果蝇的性别．
高中 地理 宇宙中的地球 地球运动的地理意义,我国某学校在如图所示地区于北京时间9：28举行运动会。在长跑比赛中当某运动员位于跑道上P点且身影朝向如图所示时，运动会已进行了（）A4时22分钟B4时12分钟C3时22分钟D3时12分钟
高中 生物 生物科学与社会 避孕的原理和方法 遗传的分子基础 遗传的细胞基础 人工授精、试管婴儿等生殖技术 生物性污染,下列属于一对相对性状的是（）A.豌豆的高茎与矮茎B.小鼠的白毛和家兔的黑毛C.人的身高与体重D.番茄的红色果实与圆形果实
高中 地理 人口与城市 人口增长与人口问题,全球人口数量变动，主要取决于（）A人口出生率B人口死亡率C人口自然增长率D人口机械增长率
高中 地理 宇宙中的地球 地球运动的基本形式,关于地球自转特点的叙述，正确的是（）A从北极上空看，地球呈顺时针方向转B一个太阳日地球自转360°C一个恒星日是24小时D太阳日比恒星日稍长
高中 地理 宇宙中的地球 太阳对地球的影响,读“世界局部地区气候分布图”，回答下列问题。1.说出A岛东部的气候类型，并分析其形成原因。2.分析P地多洪涝灾害的原因。3.B成为我国太阳辐射能丰富地区的原因。
高中 生物 分子与细胞 溶酶体的结构和功能 高尔基体的结构和功能 中心体的结构和功能 液泡的结构和功能 内质网的结构和功能 核糖体的结构和功能 走进细胞,把一个细胞中的磷脂分子全部提取出来，在空气和水界面上将它们铺成单分子层(假定单分子间距离适当且相等)。推测在下列细胞中，空气和水界面上磷脂单分子层的表面积与原细胞的表面积之比最小的细胞是（）A.蛙的红细胞B.人体浆细胞C.乳酸菌细胞D.酵母菌细胞
高中 地理 宇宙中的地球 地球运动的基本形式,下列各地中，每年两次受到太阳直射的是（）A20°N，30°EB25°N，25°EC23.5°S，60°ND40°S，120°W
高中 生物 稳态与环境 人体免疫系统在维持稳态中的作用 免疫系统的功能 体液免疫的概念和过程 免疫系统的组成 内环境的稳态,人类免疫缺陷病毒（HIV）有高度变异性，感染机体后可损伤多种免疫细胞，并通过多种机制逃避免疫系统识别和攻击．下列相关叙述错误的是（）AHIV感染人群比健康人群更易患甲型H1N1流感BHIV的高度变异性，致使疫苗效果难以持久C被HIV潜伏感染的细胞表面没有HIV蛋白，利于病毒逃避免疫系统识别和攻击DHIV破坏免疫系统，机体无体液免疫应答，不能通过检测抗体来诊断HIV感染
高中 生物 稳态与环境 内环境的稳态,在人体内环境中可以发生的生理过程是（）A.抗体与相应的抗原发生特异性的结合B.合成生长激素、胰高血糖素C.O2与血红蛋白结合形成氧合血红蛋白D.食物中的淀粉经消化分解成葡萄糖
高中 生物 生物科学与社会 生物技术在其他方面的应用,草鱼主要以水草为食，鲢鱼主要滤食浮游动植物及草鱼的粪便，鲤隹主要摄食痗栖昆虫等．为了探究高产鱼池中草鱼、鲢鱼的合理结构，科研人员研究了“一草带三鲢”（A方式）和“三草带一鲢”（B方式）两种混养方式，实验结果如表．分析回答：混养方式A方式B方式放养密度/尾•ha﹣1草鱼30009000鲢鱼90003000鲤鱼900900投饲量和追肥量/kg•ha﹣1氮肥、磚肥1.8×1030青草料4.85×1041.17×105光能量利用率/%5.7610.85青草料利用率/%10.1313.89水体能见度/cm2030鱼产量/kg•ha﹣17515114901.鲢鱼、草鱼、鲤鱼生活在不同的水层中，可以充分利用养殖水体的，体现了群落的结构．2.草鱼、鲢鱼混养主要应用的生态工程原理是，草鱼同化的能量除用于外，还用于自身的生长发育、繁殖．3.与B方式相比，A方式下需要施用氮肥、磷肥，其目的是，以满足鲢鱼的食物需求，这种模式可能造成的负面影响是．4.与A方式相比，B方式混养方式下草鱼、鲢鱼的结构更合理，判断依据是（至少写两点）．
高中 生物 分子与细胞 溶酶体的结构和功能 高尔基体的结构和功能 中心体的结构和功能 液泡的结构和功能 内质网的结构和功能 核糖体的结构和功能 走进细胞,将水稻培养在含有各种营养元素的培养液中，发现水稻吸收硅多，吸收钙少．这是因为水稻根的细胞膜（）A.吸附硅的能力强，吸附钙的能力弱B.运载硅的载体多，运载钙的载体少C.吸收硅的方式是自由扩散，吸收钙的方式是主动运输D.吸收硅不需要能量，吸收钙需要能量
高中 生物 分子与细胞 溶酶体的结构和功能 与细胞分裂有关的细胞器 高尔基体的结构和功能 中心体的结构和功能 液泡的结构和功能 内质网的结构和功能 核糖体的结构和功能 走进细胞,下图中甲、乙为植物叶肉细胞中的两种膜结构。下列有关叙述中，不正确的是（）A.甲、乙分别存在于叶绿体和线粒体中B.甲膜中的色素分子可用无水乙醇提取C.乙中[H]来自葡萄糖在线粒体中的分解D.甲、乙上反应由各自不同的酶催化
高中 生物 稳态与环境 人体免疫系统在维持稳态中的作用 免疫系统的功能 体液免疫的概念和过程 免疫系统的组成 内环境的稳态,2011年4月的“阴性艾滋病事件”引发社会各界关注，据说一种被称为阴性艾滋病的神秘病毒可通过唾液与血液传播，其感染途径与艾滋病相似，由此加重了人们的“恐艾”．关于艾滋病病毒，下列叙述正确的是（）A艾滋病病毒是一种单细胞生物，在分类上属于原核生物B由于艾滋病病毒只有核糖体一种细胞器，所以其营寄生生活C获取大量艾滋病病毒的方法是将其接种在营养物质齐全的培养基上培养D艾滋病病毒通过感染人体淋巴细胞而使免疫系统出现缺陷
高中 生物 生物科学与社会 避孕的原理和方法 遗传的分子基础 遗传的细胞基础 人工授精、试管婴儿等生殖技术 生物性污染 基因的分离规律的实质及应用,科研人员为探究某处鲤鱼体色的遗传，做了如下实验：用黑色鲤鱼和红色鲤鱼杂交，F1全为黑鲤，F1个体自由交配结果如下表所示．根据实验结果，下列推测错误的是（）杂交组F2总数F2性状的分离情况黑鲤红鲤黑鲤：红鲤11699159210714.88：12154614509615.10：1A鲤鱼体色中的黑色是显性性状B鲤鱼的体色由细胞核中的基因控制C鲤鱼体色的遗传遵循自由组合规律DF1与隐性亲本杂交，后代中黑鲤和红鲤的比例为1：1
高中 生物 分子与细胞 蛋白质的合成 组成细胞的化学元素 组成细胞的化合物,对生物组织中还原糖、脂肪和蛋白质进行鉴定的实验中，正确的方法与结果是()A.大豆组织样液(2mL)+斐林试剂甲液(2mL)+斐林试剂乙液(2mL)溶液呈紫色B.苹果组织样液(2mL)+双缩脲试剂A液(2mL)+双缩脲试剂B液(2mL)溶液呈橘黄色C.花生子叶+苏丹Ⅲ染液(2mL)脂肪颗粒呈红色D.苹果组织样液(2mL)+(斐林试剂甲液+斐林试剂乙液)(1mL)溶液中有砖红色沉淀
高中 生物 生物科学与社会 避孕的原理和方法 遗传的分子基础 遗传的细胞基础 人工授精、试管婴儿等生殖技术 生物性污染 基因的自由组合规律的实质及应用,鳟鱼的眼球颜色和体表颜色分别由两对等位基因A，a和B，b控制．现以红眼黄体鳟鱼和黑眼黑体鳟鱼为亲本，进行杂交实验，正交和反交结果相同．实验结果如图所示．请回答：1.亲本中的红眼黄体鳟鱼的基因型是．2.已知这两对等位基因的遗传符合自由自合定律，理论上F2还应该出现性状的个体，但实际并未出现，推测其原因可能是基因型为的个体本应该表现出该性状，却表现出黑眼黑体的性状．3.为验证（2）中的推测，用亲本中的红眼黄体个体分别与F2中个体杂交，统计每一个杂交组合的后代性状及比例．只要其中有一个杂交组合的后代，则该推测成立．4.科研人员以亲本中的黑眼黑体鳟鱼为父本，以亲本中的红眼黄体鳟鱼为母本，进行人工授精．用热休克法抑制受精后的次级卵母细胞排出极体，受精卵最终发育成倍体黑眼黄体鳟鱼，其基因型是．这种变异鳟鱼品质优良，广受消费者青睐，但由于其在减数分裂过程中，难以产生正常配子，导致其高度不育，因此每批次鱼苗均需重新育种．
高中 生物 稳态与环境 激素调节,下列关于植物激素的说法，不正确的是（）A.植物激素是一类化学物质B.植物激素在植物体内含量很少C.植物激素不直接参与细胞内的代谢活动D.植物激素促进植物生长
高中 历史 近代史 第三产业的兴起和“新经济”的出现 垄断组织的出现,钱乘旦评价某一件事时说：“它接受现代化，但只接受它的形式，它接受现代化是为了控制现代化，让它为维护传统的价值取向服务。”这一事件（）A.开启了中国近代化进程B.实现了自强求富目的C.促进了民族工业初步发展D.以建立民主制为目标
高中 历史 近代史 第三产业的兴起和“新经济”的出现 垄断组织的出现,1931年10月5刊登在《申报》上的美丽牌香烟广告，分别有以下文字，“国人爱国，请用国货”“有美皆备，无丽不臻”“请国人注意东北形势”“外辱日亟”并配有香烟的图案和东北地图，这表明（）A.列强经济侵略的重心在东北地区B.民众对抗日战争的胜利满怀信心C.中国民族卷烟业的发展异常艰难D.商品销售中蕴含抗日救国的思想
高中 生物 生物科学与社会 避孕的原理和方法 遗传的分子基础 遗传的细胞基础 人工授精、试管婴儿等生殖技术 生物性污染 基因的自由组合规律的实质及应用,已知鼠的毛色受两对基因（，）控制，现将黑色雄鼠与多只白色雌鼠杂交，得到的F1全为黑色，再将F1相互交配产生的F2有三种表型：黑色、棕色、白色，比例为9：3：4，继续将F2中的黑色个体自由交配得F3．以下说法错误的是（）A两亲本的基因型分别为AABB、aabbB理论上讲，F2中存在四种基因型的黑色个体CF3中A的基因频率为D若让F2中的棕色个体与白色个体杂交，后代中白色个体占
高中 政治 公民道德与伦理常识 社会主义市场经济的伦理要求,在发达国家，工资一般占企业运营成本的50%左右，而在中国还不到10%。在发达国家，劳动报酬在国民收入中所占的比重一般在55%以上，在中国则不到42%，这给我们的启示有[]①要保证企业收入在初次分配中占合理比重②建立企业职工工资正常增长机制和支付机制③要充分发挥再分配在企业职工工资增长中的作用④要维护好劳动者的相关权利A①②B②④C①②④D②③④
高中 政治 公民道德与伦理常识 社会主义市场经济的伦理要求 劳动就业与守法经营,节能20%是我国“十一五”期同重要的工作目标。2007年7月28日．全国40多家民间环保组织在北京共同发起了“节能20％公民行动”。这是一项旨在以倡导低能耗生活方式和消费方式为核心的公民联合行动。这一事实说明A家庭生活消费必须与家庭收入相适应B物质消费与精神消费要协调C生产决定消费水平和消费方式D个人生活消费关系到社会和集体的利益
高中 生物 稳态与环境 细胞大小与物质运输的关系,如图为氨基酸和Na+进出肾小管上皮细胞的示意图．下列相关叙述正确的是（）A主动转运过程所需能量均由ATP提供B氨基酸和Na+进出肾小管上皮细胞时载体蛋白的形状均会发生改变C氨基酸从上皮细胞到组织液的方式是细胞最重要的吸收或排出物质的方式D由上图可知线粒体在肾小管上皮细胞中均匀分布
高中 生物 分子与细胞 生命活动离不开细胞 细胞有丝分裂不同时期的特点,有关动物细胞有丝分裂的叙述，正确的是（）A.细胞板在细胞有丝分裂末期形成B.纺锤丝在分裂前期形成纺锤体C.在分裂末期，细胞膜内陷形成两个子细胞D.在分裂中期，两个中心粒复制形成两组中心粒
高中 生物 稳态与环境 内环境的稳态,测得家兔在正常状态下和三种不同方法处理后的动脉血压变化曲线如图，下列分析正确的是（）A测量血压可选择在颈动脉和毛细血管等部位B刺激减压神经中枢端可能使降压反射活动减弱C夹闭颈动脉使颈动脉血压下降，心血管中枢兴奋D注射去甲肾上腺素的作用可能使心率增加，外周阻力上升
高中 生物 遗传与进化 拉马克的进化学说,下列关于变异的叙述中，正确的是（）A.基因突变一定能够改变生物的表现型B.发生在生物体体细胞内的基因突变一般不能传给子代，属于不可遗传的变异C.基因重组是生物变异的重要来源，一般发生在有性生殖的过程中D.在减数分裂间期，果蝇Ⅱ号染色体上缺失了一个碱基对，这种变异属于染色体变异
高中 生物 遗传与进化 避孕的原理和方法 遗传的分子基础 遗传的细胞基础 人工授精、试管婴儿等生殖技术 生物性污染 基因的自由组合规律的实质及应用,将株高70cm的小麦（以下株高值代表相应的植株）和50cm杂交，F1自交得到F2，F2中70cm：65cm：60cm：55：50cm的数量比例约为1:4:6:4:1。下列叙述中，错误的是（）A.F1只有一种基因型，F2中60cm有三种基因型B.若F1与50cm杂交，理论上杂交后代的表现型比例为1:2:1C.若60cm杂合子和65cm杂交，理论上杂交后代中60cm的比例为1/4D.若F2中60cm随机授粉，理论上自由交配后代中70cm的比例为1/36
高中 生物 分子与细胞 溶酶体的结构和功能 与细胞分裂有关的细胞器 高尔基体的结构和功能 中心体的结构和功能 液泡的结构和功能 内质网的结构和功能 核糖体的结构和功能 走进细胞,植物细胞壁的形成与高尔基体有关，由此说明了高尔基体()A.具有合成多糖的能力B.具有合成蛋白质的能力C.具有合成磷脂的能力D.具有合成细胞膜的能力
高中 生物 生物技术实践 生物技术在其他方面的应用 培养基与无菌技术,在利用动物细胞融合技术制备单克隆抗体时，不需要考虑（）A.选择的小鼠必须是纯种B.用同种抗原多次注射小鼠C.细胞融合时加入促融剂D.需经筛选后，再进行大规模培养
高中 生物 稳态与环境 内环境的稳态,人和动物的新陈代谢的化学反应主要发生在（）A.消化道内B.血液C.细胞内D.肾脏内
高中 生物 稳态与环境 内环境的稳态,以下关于人体激素及其调节的叙述不正确的是（）A激素是信息分子，成分都是有机物B激素直接参与细胞内的许多代谢活动C激素只作用于相应的靶器官、靶细胞D神经系统的某些结构也可以释放激素
高中 地理 生产活动与地域联系 农业区位因素,下图示意某国某农场一年中的工作历。据此完成下列问题。1.该农场位于（）A.西欧平原B.阿根廷潘帕斯平原C.湄公河平原D.加拿大中部平原2.影响该地区农业发展主要的不利因素为（）A.热量不足B.水源不足C.劳动力不足D.土壤贫瘠
高中 生物 稳态与环境 内环境的稳态,以下关于内环境稳态的说法不正确的是（）①稳态就是指内环境的各种理化性质处于绝对稳定状态②人体各器官、系统协调一致地正常运行，是维持内环境稳态的基础③内环境稳态的调节机制的现代观点是神经﹣体液﹣免疫调节机制④人体维持稳态的调节能力是很强的，即使外界环境剧变，人体也能保持稳态的平衡．A①②B②④C②③D①④
高中 生物 生物技术实践 生物工程技术,关于测定亚硝酸盐含量实验操作的有关叙述，正确的是（）A泡菜制作需要配制盐水，其中盐与水的质量比为5：1B在盐酸酸化条件下，亚硝酸盐与对氨基苯磺酸发生重氮化反应形成玫瑰红色染料C制备样品处理液，加入氢氧化铝乳液的目的是去除色素等杂质，澄清溶液D泡菜腌制时间的长短会影响亚硝酸盐含量，温度和食盐的用量不影响
高中 地理 宇宙中的地球 地球的外部圈层结构及特点 地球的内部圈层结构及特点,莫霍面上下两侧名称分别是()A地幔和地壳B岩石圈和地壳C地幔和地核D地壳和地幔
高中 生物 生物技术实践 生物技术在其他方面的应用 避孕的原理和方法 人工授精、试管婴儿等生殖技术 生物性污染 减数分裂与有丝分裂的比较 培养基与无菌技术,如图为实验动物（羊）的生殖实验示意图．若动物个体Ⅱ为多莉羊，则动物个体Ⅱ的性状与下列哪种细胞所属的个体性状一致？（）AaBbCcDd
高中 历史 现代史 文艺的春天,下表列举了中国古代某些思想流派的一些特征，据此推断该流派是（）◎产生于春秋战国时期，在中国长期存在，对中国思想发展影响深远◎其思想主张既利于个人修养，也可用作治国思想◎在中国古代政治史上有过既短暂的辉煌◎有些观点与自由主义不谋而合A.儒家B.道家C.墨家D.法家
高中 生物 分子与细胞 溶酶体的结构和功能 与细胞分裂有关的细胞器 中心体的结构和功能 液泡的结构和功能 细胞的多样性和统一性 内质网的结构和功能 核糖体的结构和功能 高尔基体的结构和功能,下列是关于几类生物的特点的叙述，正确的是()A.细菌和水绵在结构上有统一性，具体体现在它们都有细胞壁、细胞膜、核糖体及相同类型的遗传物质等B.硝化细菌与变形虫结构上的根本区别是前者有细胞壁，营养方式为自养型；后者无细胞壁，营养方式为异养型C.颤藻与发菜的共同点是都能进行光合作用，但颤藻含光合色素，发菜细胞中含叶绿体D.一个动物体的不同细胞的形态和功能有多样性，本质上是由于不同细胞的遗传物质是不同的
高中 生物 生物科学与社会 避孕的原理和方法 遗传的分子基础 遗传的细胞基础 人工授精、试管婴儿等生殖技术 生物性污染 基因的自由组合规律的实质及应用,现有AaBb和Aabb二种基因型的豌豆个体，假设这两种基因型个体的数量和它们的生殖能力均相同，在自然状态下，子一代中能稳定遗传的个体所占比例是（）A.B.C.D.
高中 地理 宇宙中的地球 太阳对地球的影响,下列哪些现象属于太阳活动对地球的影响（）①地面无线电短波通讯的短暂中断；②地球两极地区出现的极昼、极夜现象；③大气中的二氧化碳含量增多，全球变暖；④磁针剧烈颤动，不能正确指示方向．A②④B①④C①②D②③
高中 生物 生物科学与社会 避孕的原理和方法 遗传的分子基础 遗传的细胞基础 人工授精、试管婴儿等生殖技术 生物性污染 基因的分离规律的实质及应用,孟德尔的遗传规律不能适用哪些生物（）①酵母菌②硝化细菌③天花病毒④蓝藻⑤食用菌A①②③B②③⑤C②③④D①②④
高中 历史 古代史 中央官制——三公九卿制 郡县制 “重农抑商”政策 夏商两代的政治制度 皇帝制度,柏杨在《中国人史纲》中说：“这是一个空前广袤的帝国……面积大约三百万平方公里……嬴政大帝……摆脱周王朝最洋洋得意的……制度……这是一个划时代的突破和最骇人听闻的政治结构，没有封国封爵，没有公侯伯子男。”其中“周王朝最洋洋得意的……制度”和“划时代的突破”分别指（）A.分封制、郡县制B.宗法制、郡县制C.分封制、行省制D.郡县制、行省制
高中 地理 人口与城市 人口迁移与人口流动,符合图中所示人口流动趋势的国家和地区是（）A20世纪60年代的中国B20世纪80年代的美国C20世纪90年代的欧洲D20世纪90年代的中国
高中 历史 古代史 中央官制——三公九卿制 郡县制 “重农抑商”政策 夏商两代的政治制度 皇帝制度 选官、用官制度的变化,读下图，能准确、直接反映图中所示国家行政管理制度特点的是（）A.一州监察区内，郡、国交错设置B.郡国间相互监视，维护中央集权C.汲取秦灭亡的教训，册封诸侯国D.国小于郡，便于中央政府的控制
高中 生物 稳态与环境 内环境的稳态,下列关于内环境及其稳态的叙述，正确的是（）A.人体代谢中的生物化学反应主要发生在细胞内B.血浆中的蛋白质含量较少，淋巴中的蛋白质含量较多C.内环境稳态的实质是内环境的渗透压、温度和pH保持不变D.小肠绒毛上皮细胞生活的内环境为组织液和消化液
高中 生物 生物科学与社会 避孕的原理和方法 遗传的分子基础 遗传的细胞基础 人工授精、试管婴儿等生殖技术 生物性污染 基因的自由组合规律的实质及应用,下列杂交组合中，子代基因型种类和表现型种类数相同的一组是（）AaaBb×AABBBaabb×aaBbCaaBb×AABbDAaBB×aaBb
高中 地理 生产活动与地域联系 工业区位因素,阅读图文材料，完成下列要求。中国与委内瑞拉自1974年建交以来，双边经贸稳步发展，目前中国是委内瑞拉第二大贸易伙伴。委内瑞拉石油资源丰富，年开采量居世界第五，但主要都是重质油，密度大，很难精炼。近年来，多家中资油气企业在委内瑞拉投资，并换回石油，委内瑞拉成为了中国重要油气来源地。下表为2012年委内瑞拉油气资源量。2012年委内瑞拉油气资源量：1.说明委内瑞拉吸引中国油气企业投资的优势条件。2.从运输与安全两方面，分析中资油气企业在委内瑞拉投资可能面临的主要问题。3.实施本地化是提升企业发展的重大战略举措，请你为中国油企在委内瑞拉本地化提出两条具体措施。
高中 地理 生产活动与地域联系 农业区位因素,以下不属于长江三角洲农业生产特点的是（）A粮食作物以水稻为主B河湖面积广，水产业发达C经济作物有油菜、棉花D耕作制度为一年一熟
高中 地理 人口与城市 人口增长与人口问题,阅读图表材料，完成下列要求。下表为2000年第五次人口普查和2010年第六次人口普查中国大陆人口数据表。1.2000-2010年我国人口自然增长率进一步（上升或下降），人口增长模式已转变为模式；从表中数据还可以看出我国人口总体素质在。2.指出2010年第六次人口普查反映出来的人口问题。3.根据此表，试提出提高我国环境人口容量的措施。
高中 历史 近代史 清末民主革命风潮,清朝的省级最高行政长官是总督和巡抚，督抚多由满族贵族担任；而从1860年到1864年，汉族官僚曾国藩组建的湘军集团中先后有21位将领担任督抚。这一变化反映出（）A.清政府利用湘军来开展洋务运动B.太平天国运动影响清朝军政局面C.汉族官僚开始掌握中央政权D.清朝满汉矛盾最终得到解决
高中 历史 近代史 清末民主革命风潮,朱维铮在《重读中国近代史》中有这样的叙述：“（缔造者们）言辞的崇高与行为的凶暴，平等的许诺与特权的森严，恰成对比，越来越使渴望解脱重重压迫的贫民失望。”作者评价的是（）A.太平天国运动B.义和团运动C.辛亥革命D.国民大革命
高中 生物 稳态与环境 神经调节和体液调节的比较,"如图为神经纤维受刺激后所测得的膜电位变化，A,B,C,D为四种测量方式，其中能测出这种膜电位变化的是（）ABCD"
高中 生物 遗传与进化 不完全显性 人工授精、试管婴儿等生殖技术 生物性污染 避孕的原理和方法,下列关于高胆固醇血症的叙述，正确的是()A.该病在遗传时不遵循基因分离规律B.只有遗传病患者及其家属需要遗传咨询C.在人群中，男性患者与女性患者数量基本相同D.该病的发病率在中老年群体中随年龄增加快速上升
高中 生物 分子与细胞 蛋白质的合成 组成细胞的化学元素 组成细胞的化合物,对生物组织中还原糖、脂肪和蛋白质进行鉴定的实验中，正确的方法与结果是()A.大豆组织样液(2mL)+斐林试剂甲液(2mL)+斐林试剂乙液(2mL)溶液呈紫色（）B.苹果组织样液(2mL)+双缩脲试剂A液(2mL)+双缩脲试剂B液(2mL)溶液呈橘黄色C.花生子叶+苏丹Ⅲ染液(2mL)脂肪颗粒呈红色D.苹果组织样液(2mL)+(斐林试剂甲液+斐林试剂乙液)(1mL)溶液中有砖红色沉淀
高中 生物 稳态与环境 人体的体温调节 人体水盐平衡调节 血糖平衡的调节,下列各项生理活动的调节，其神经调节中枢都位于下丘脑的是：（）A.排尿反射、膝跳反射B.体温调节、膝跳反射C.排尿反射、血糖调节D.水盐调节、体温调节
高中 地理 宇宙中的地球 太阳对地球的影响,"关于太阳辐射对地球的影响的叙述,正确的是()①维持地表温度的主要热源②太阳辐射能是促进地球上的水、大气、地壳、生物活动的主要动力③太阳辐射能是目前人类日常生活和生产所用的能源④煤、石油等能源在形成过程中固定了大量的太阳辐射能A①②③B②③④C①③④D①②④"
高中 生物 稳态与环境 激素调节,在植物的生长发育过程中，激素起着重要作用．与植物顶端优势密切相关的激素是（）A.生长素B.细胞分裂素C.脱落酸D.乙烯
高中 生物 稳态与环境 内环境的稳态,人体内环境中所含物质的种类繁多，下列不属于人体内环境中的物质是（）A.营养物质类，包括水、无机盐、氨基酸、葡萄糖等B.信号分子类，包括激素、神经递质、组织胺、抗体等C.代谢产物类，如二氧化碳、尿素、尿酸等D.大分子蛋白质类，如呼吸氧化酶、唾液淀粉酶、胃蛋白酶等
高中 历史 古代史 海峡两岸关系的发展 中央官制——三公九卿制 郡县制 “重农抑商”政策 夏商两代的政治制度 皇帝制度,某一同学在研究性学习过程中搜集了如下一组图片，据此判断他的研究主题是（）A.中国古代皇权至上B.立宪君主地位尊贵C.平民领袖平实民主D.中外建筑政治文化
高中 生物 稳态与环境 内环境的稳态,下列各项中，能看作是进入内环境的是（）A.精子进入输卵管与卵细胞完成受精B.牛奶喝进胃中C.注射胰岛素D.血液中的氧进入组织细胞
高中 生物 稳态与环境 人体免疫系统在维持稳态中的作用 免疫系统的功能 体液免疫的概念和过程 免疫系统的组成 内环境的稳态,如图表示免疫系统调节的部分示意图．①②③表示参与免疫调节的几个细胞．据图回答下列问题．1.①是细胞，②是细胞，两者间可以通过细胞直接接触而传递信息．2.②细胞活性下降，引起机体生成抗体的能力降低，其主要原因是分泌量减少，淋巴细胞的增殖分化不足．3.①②③中能特异性识别抗原的有．4.侵入人体的细菌是一种发热激活物，通过一系列反应引起人体发热并可能出现局部红肿现象，红肿是（填一种体液名称）增多的结果．③细胞分泌的物质化学本质是．5.若细菌导致人体发热，此时位于的体温调节中枢会进行调节，加速散热，此时患者会发冷，冷觉的产生部位是．
高中 生物 分子与细胞 生命活动离不开细胞,二次世界大战后，在日本广岛生活的人癌变发病率很高，原因是受什么因素的作用（）A.物理致癌因子B.化学致癌因子C.病毒致癌因子D.煤焦油
高中 生物 分子与细胞 生命活动离不开细胞,图1、图2分别表示某种生物细胞有丝分裂过程中某一时期的模式图，图3表示有丝分裂中不同时期每条染色体上DNA分子数的变化，图4表示有丝分裂中不同时期染色体DNA的数量关系．下列有关叙述不正确的是（）A.图1所示细胞中共有4条染色体，8个DNA分子；图2所示细胞中共有0条染色单体B.图1所示细胞处于图3中BC段；完成图3中CD段变化的细胞分裂时期是后期C.有丝分裂过程中不会出现如图4中d所示的情况D.图4中a可对应图3中的BC段；图4中C不符合题意应图3中的AB段
高中 生物 稳态与环境 人体免疫系统在维持稳态中的作用 免疫系统的功能 体液免疫的概念和过程 免疫系统的组成 内环境的稳态,PM2.5是指大气中直径小于或等于2.5μm的颗粒物，富含大量的有毒、有害物质，易通过肺部进入血液．目前PM2.5已成为空气污染指数的重要指标．下列有关PM2.5的推测不合理的是（）A.PM2.5进入人体的肺泡中时还没有进入人体的内环境B.PM2.5可能成为过敏原，其诱发的过敏反应属于免疫异常C.颗粒物中的一些酸性物质进入人体血液一定会导致血浆呈酸性D.颗粒物进入呼吸道引起咳嗽属于非条件反射，其中枢不在大脑皮层
高中 地理 宇宙中的地球 地球运动的地理意义,地球上南北半球自东向西流的河流，在地转偏向力的作用下，河流两岸受侵蚀较大的是（）A都在北岸B都在南岸C靠近低纬的河岸D靠近高纬的河岸
高中 生物 生物科学与社会 不完全显性 避孕的原理和方法 拉马克的进化学说 人工授精、试管婴儿等生殖技术 生物性污染,下列有关叙述，正确的是（）A通过遗传咨询和产前诊断等手段，对遗传病进行监测和预防，在一定程度上能够有效地预防遗传病的产生和发展B杂交育种是利用基因重组的原理，获得新物种的方法C诱变育种是利用物理、化学、病毒因素来处理生物，使生物发生基因突变D转基因食品的构成与非转基因食品一样都是由蛋白质，糖类等组成，所以任何转基因食品都是绝对安全的
高中 地理 宇宙中的地球 地球运动的地理意义,地球上同经度的各地（）A地方时相同B自转线速度相同C正午太阳高度相同D沿地表作水平运动物体的偏移方向相同
高中 地理 人口与城市 人口增长与人口问题,下列与人类社会生产力逐步提高相适应的人口增长模式，正确顺序是（）A原始型、传统型、现代型B传统型、原始型、现代型C原始型、现代型、传统型D传统型、现代型、原始型
高中 生物 生物科学与社会 不完全显性 人工授精、试管婴儿等生殖技术 生物性污染 避孕的原理和方法,近亲结婚会增加后代遗传病的发病率，主要原因在于（）A.近亲结婚容易使后代产生新的致病基因B.近亲结婚的双方携带的致病基因较其他人多C.部分遗传病由显性致病基因所控制D.部分遗传病由隐性致病基因所控制
高中 生物 生物技术实践 生物技术在其他方面的应用 复等位基因 基因工程的概念 基因工程的原理及技术,如图为DNA分子在不同酶的作用下所发生的变化，图中依次表示限制性内切酶，DNA聚合酶，DNA连接酶，解旋酶作用的正确顺序是（）A①②③④B①②④③C①④②③D①④③②
高中 地理 人口与城市 人口增长与人口问题,发达国家目前已进入人口加速增长阶段。
高中 生物 稳态与环境 内环境的稳态,下列关于人体内环境的叙述，正确的是（）A.在剧烈运动时血浆pH显著下降B.内环境包括血液、组织液和淋巴C.血红蛋白是内环境的组成成分D.内环境稳态是细胞正常生存所必需的
高中 生物 生物科学与社会 不完全显性 人工授精、试管婴儿等生殖技术 生物性污染 避孕的原理和方法,如图是关于甲、乙两种遗传病的家系图，均由一对等位基因控制．已知乙病在男性和女性中的发病率有差异，则下列叙述中正确的是（）AⅡ4个体携带乙病的致病基因BⅠ2与Ⅱ2的基因型一定不同C若Ⅱ1与Ⅱ2再生育，最好生男孩D若Ⅱ11与Ⅱ3婚配，生患病小孩的概率为
高中 政治 公民道德与伦理常识 社会主义市场经济的伦理要求,2009年是中华人民共和国成立60周年，为了激发同学们的爱国之情、强国之心，某校开展了以“迎国庆·话发展”为主题的系列教育活动。该校高三（1）班同学通过访谈、网络、观察、查阅报刊等方式获取到以下材料，请你参与其中。材料一1949年至2008年，我国GDP与人均GDP情况。材料二1949年至2008年，我国城镇居民年人均可支配收入从不足100元增加到1578l元，农民年人均纯收入从不足50元增加到4761元，城镇和农村居民家庭恩格尔系数由80％和90％分别下降到37．9％和43．7％；建国初期，中国基本上是个农业国，到2008年，第一产业由1952年的5l％下降为11．3％，第二产业由20．8％上升为48．6％，第三产业则由28．2％上升至40．1％（注：2008年美国、日本等发达国家的三大产业比重：第一产业1．8%左右，第二产业22%左右，第三产业76%左右）。（1）请描述上述材料所反映的经济信息。___________________________________________________________________________________________________________________________________________________________________________________________________________________________________________________________________________________（2）并根据这些信息提出如何促进我国经济又好又快发展。___________________________________________________________________________________________________________________________________________________________________________________________________________________________________________________________________________________
高中 生物 生物技术实践 生物技术在其他方面的应用 复等位基因 基因工程的概念 基因工程的原理及技术,科学家将含人体α﹣抗胰蛋白酶基因的表达载体注射到羊的受精卵中，该受精卵发育的雌羊乳汁中含有α﹣抗胰蛋白酶．下列有关转基因羊细胞的叙述，不正确的是（）A乳腺细胞的高尔基体参与α﹣抗胰蛋白酶的分泌B胚胎干细胞内α﹣抗胰蛋白酶基因能进行复制C卵细胞中都含有α﹣抗胰蛋白酶基因D浆细胞内不表达α﹣抗胰蛋白酶基因
高中 生物 生物科学与社会 避孕的原理和方法 拉马克的进化学说 遗传的分子基础 遗传的细胞基础 人工授精、试管婴儿等生殖技术 生物性污染 基因的自由组合规律的实质及应用,科学家发现多数抗旱性农作物能通过细胞代谢，产生一种代谢产物，调节根部细胞液的渗透压，此代谢产物在叶肉细胞和茎部细胞中却很难找到．请回答下列问题：1.这种代谢产物在茎部和叶肉细胞中很难找到，而在根部细胞中却能找到，究其根本原因是．2.现有某抗旱农作物，体细胞内有一个抗旱基因（R），其等位基因为r（旱敏基因）．研究发现R、r的部分核苷酸序列如下：抗旱基因（R）：CAAG旱敏基因（r）：CATG．据此分析，抗旱基因突变为旱敏基因的根本原因是．3.己知抗旱性（R）对旱敏性（r）为显性，多颗粒（D）对少颗粒（d）为显性，两对等位基因分别位于两对同源常染色体上．纯合的旱敏性多颗粒植株与纯合的抗旱性少颗粒植株杂交，F1自交，F2抗旱性多颗粒植株中双杂合子占的比例是．若拔除F2中所有的旱敏性植株后，剩余植株随机交配，F3中旱敏性植株的比例是．4.请利用抗旱性少颗粒（Rrdd）和旱敏性多颗粒（rrDd）两植物品种作试验材料，设计一个快速育种方案，使后代个体全部都是抗旱性多颗粒杂交种（RrDd），用文字简要说明第一步：；第二步：．
高中 生物 生物科学与社会 避孕的原理和方法 遗传的分子基础 遗传的细胞基础 人工授精、试管婴儿等生殖技术 生物性污染,为了研究鹦鹉和白耳画眉的唱歌行为，某校生物兴趣小组的同学，做了如下实验：从鹦鹉及白耳画眉的巢中将蛋拿走，然后放入孵化箱中孵化，并且亲自养育孵化后的小鸟．鹦鹉及白耳画眉的幼鸟，在同一环境下一起饲养．当幼鸟长大后，同学们仔细听鹦鹉及白耳画眉的成长过程录音带，结果发现两种鸟的雄鸟都会唱歌，白耳画眉唱的我们所熟知的白耳画眉歌，而鹦鹉除了能唱鸟爸爸爱唱的歌外，甚至还能唱周杰伦的歌．根据本实验的过程与结果，下列推断最合理的是（）A鹦鹉与白耳画眉的唱歌行为类似，与后天饲养环境关系很大B鹦鹉的唱歌行为表明，后天的饲养环境比遗传物质对其唱歌行为的影响更大C被选做实验对象的鸟数量太少，导致实验误差较大，多次实验可能也会出现能唱周杰伦歌曲的白耳画眉D若将该鹦鹉的后代人工饲养在安静的环境中，应该还能唱周杰伦的歌
高中 生物 生物科学与社会 避孕的原理和方法 遗传的分子基础 遗传的细胞基础 人工授精、试管婴儿等生殖技术 生物性污染 基因的分离规律的实质及应用,以两株高茎豌豆为亲本进行杂交，F1中高茎和矮茎的数量比例如图所示，则F1高茎豌豆中纯合子的比例为（）A1BCD
高中 生物 生物科学与社会 避孕的原理和方法 伴性遗传 遗传的分子基础 遗传的细胞基础 人工授精、试管婴儿等生殖技术 生物性污染,下列有关性别决定和伴性遗传的叙述中，正确的有（）A有些生物没有X、Y染色体B若X染色体上有雄配子致死基因b，就不会产生XbY的个体C伴性遗传都表现交叉遗传的特点DX、Y染色体只存在于生殖细胞中
高中 生物 生物科学与社会 避孕的原理和方法 遗传的分子基础 遗传的细胞基础 人工授精、试管婴儿等生殖技术 生物性污染,在孟德尔利用豌豆进行两对相对性状的杂交试验中，可能具有1：1：1：1比例关系的是（）①杂种自交后代的表现型比例②杂种产生配子种类的比例③杂种测交后代的表现型比例④杂种自交后代的基因型比例⑤杂种测交后代的基因型比例A.①③⑤B.②④⑤C.②③⑤D.①②④
高中 生物 生物技术实践 生物技术在其他方面的应用 复等位基因 基因工程的概念 基因工程的原理及技术,在培育转基因烟草过程中，下列操作错误的是（）A.用限制性核酸内切酶切割烟草花叶病毒的核酸B.用DNA连接酶连接经切割的抗除草剂基因和运载体C.将重组DNA分子导入烟草细胞D.用含除草剂的培养基筛选转基因烟草细胞
高中 政治 公民道德与伦理常识 社会主义市场经济的伦理要求,材料一：2011年我国CPI走势图注：CPI即居民消费价格指数，通常为观察通货膨胀的重要指标，国际上通常把3%作为通胀警戒线。材料二：材料三：2011年国务院常务会议确定：各地区要尽快建立社会救助和保障标准与物价上涨挂钩的联动机制，逐步提高基本养老金、失业保险金和最低工资标准。11月以来，山东、江苏、浙江等省份已先期试点建立低保、最低工资、基本养老金与物价水平相关联动的动态调整机制。中国劳动学会副会长苏海南介绍，各地在制定、调整最低工资标准和社会保障标准时已经考虑了物价增长对市民生活造成的影响，但调整周期一般比较固定。以最低工资标准为例，国家规定最低工资标准每两年至少调整一次，尚未全面建立一种随物价大幅上涨即及时调整的机制。材料四：省社科院调研中心主任、研究员杨建华认为，浙江社会发展面临五大突出问题。其中之一是物价持续高位，对浙江城乡居民生活产生巨大压力。物价上涨对居民生活的影响从低收入群体向工薪阶层蔓延，从而不利于企业发展，同时也抑制居民消费需求。高通胀预期使得居民在保证食品等必要生活必需品支出的同时，减少了其他服务性消费。2012年浙江省在构建幸福城市的道路上仍任重道远。（1）解读材料一、二反映的经济信息。___________________________________________________________________________________________（2）结合材料一、二，运用经济生活知识，说明材料三中建立联动机制的依据。___________________________________________________________________________________________（3）根据材料四，运用《政治生活》中有关政府的知识，分析浙江省政府应如何进一步提高公民的幸福感？___________________________________________________________________________________________
高中 生物 遗传与进化 避孕的原理和方法 遗传的分子基础 遗传的细胞基础 人工授精、试管婴儿等生殖技术 生物性污染 基因的分离规律的实质及应用,在孟德尔进行的一对相对性状的实验中，不具有1:1比例的是（）A.杂种产生配子类型的比例B.杂种测交后代的性状分离比C.杂种自交后代的基因型比例D.杂种测交后代的基因型比例
高中 生物 稳态与环境 群落的结构,在某池塘中，第一次捕获鲫鱼106条，做上标记后放回，第二次捕获鲫鱼91条，其中有标记的25条．由此可以估算出该池塘中鲫鱼的密度．后来发现这次估算的结果与实际结果误差较大，分析其原因不正确的是（）A捕鱼用的渔网网眼太大B被标记的鱼放回后有一小部分死亡C两次捕获的鲫鱼数量较小D重捕方法不当使捕获的鱼部分死亡
高中 生物 稳态与环境 激素调节,如图表示用胚芽鞘中段和含生长素的琼脂小块（黑色方框）做的一组实验，过一段时间后，原先不含生长素的琼脂小块可以测到含有生长素的是（）A琼脂块A和BB琼脂块B和CC琼脂块C和DD琼脂块B和D
高中 生物 生物科学与社会 避孕的原理和方法 遗传的分子基础 遗传的细胞基础 人工授精、试管婴儿等生殖技术 生物性污染 基因的自由组合规律的实质及应用,大鼠的毛色由独立遗传的两对等位基因控制．用黄色大鼠与黑色大鼠进行杂交实验，结果如图．据图判断，下列叙述正确的是（）A黄色为显性性状，黑色为隐性性状BF1与黄色亲本杂交，后代有两种表现型CF1和F2中灰色大鼠均为杂合体DF2黑色大鼠与米色大鼠杂交，其后代中出现米色大鼠的概率为
高中 地理 宇宙中的地球 地球运动的地理意义,广东从化北回归线标志塔位于北纬23°26′28″，东经113°28′56″。塔顶是一个直径1.2m的空心铜球，在每年某一特定时刻，游客昂首于塔底四门中央，便可从塔心及铜球中的垂直圆柱空洞窥见太阳。据此完成下列各题。1.游客要想从塔心窥见太阳，应选择的时间为（）A.从化的地方时9月23日12时00分B.从化的地方时6月22日12时26分C.北京的地方时6月22日12时00分D.北京时间6月22日12时26分2.游客从塔心窥见到的太阳光线（）A.属于长波辐射B.到达地面的强弱受天气影响大C.光线来自太阳的色球层D.是地球上所有能源的根本能量来源
高中 生物 生物科学与社会 人工授精、试管婴儿等生殖技术 减数分裂与有丝分裂的比较 生物性污染 避孕的原理和方法,下列有关精子和卵细胞形成的说法正确的是（）A二者形成过程中都出现联会、四分体、同源染色体分离、非同源染色体自由组合现象B二者形成过程中都有染色体的复制和均分，二者所含遗传物质均是正常体细胞的一半C精子和卵细胞形成过程中不同的地方是精子需变形，卵细胞不需要变形，其余完全相同D形成100个受精卵，至少需要100个精原细胞和100个卵原细胞
高中 生物 稳态与环境 内环境的稳态,下列各项中，能看作是进入内环境的是（）A.精子进入输卵管与卵细胞完成受精B.牛奶喝进胃中C.注射胰岛素D.血液中的氧进入组织细胞
高中 生物 生物科学与社会 避孕的原理和方法 减数分裂的概念 人工授精、试管婴儿等生殖技术 生物性污染 减数分裂与有丝分裂的比较,下列有关减数分裂和受精作用的叙述正确的是（）A玉米（2n=20）经过减数分裂产生的卵细胞中有5对染色体B某男性体内的一个精原细胞经减数分裂产生的精子染色体组成有223种C未受精时，卵细胞的细胞呼吸和物质合成比较缓慢D受精卵中的遗传物质一半来自父方，一半来自母方
高中 政治 公民道德与伦理常识 社会主义市场经济的伦理要求,基尼系数是国际上衡量收入分配均等程度的重要指标，基尼系数越大表明收入分配差距越大。有关统计显示2010年中国各省区贫富差距指数广东0.652、北京0.613、上海0.574、浙江0.545、安徽0.422、这表明[]①改革开放以来我国居民的实际收入都有增长②我国在再分配领域中要更加注重公平③构建社会主义和谐社会必须理顺分配关系，规范分配秩序④我国要坚持再分配主要由市场形成的原则A①②B②③C①③D②④
高中 生物 生物科学与社会 避孕的原理和方法 减数分裂的概念 人工授精、试管婴儿等生殖技术 生物性污染 减数分裂与有丝分裂的比较,如图所示细胞均来自同一生物体，有关叙述错误的是（）A细胞⑤中的染色体数是①或②的四倍B细胞②可通过④→⑤→④→③→②的过程来形成C图①和图②不可能来自于同一个初级精母细胞D图③④⑤⑥中都具有来自父方或母方的染色体
高中 地理 宇宙中的地球 地球所处的宇宙环境,如图用圆的大小表示天体系统层次由高到低，与图示对应的天体系统是（）A河外星系、银河系、太阳系B总星系、河外星系、地月系C河外星系、太阳系、地月系D银河系、太阳系、地月系
高中 生物 生物科学与社会 人工授精、试管婴儿等生殖技术 减数分裂与有丝分裂的比较 生物性污染 避孕的原理和方法,下列由精子和卵细胞结合成受精卵的过程中，正确的是（）①受精卵中的遗传物质主要来自于染色体；②受精卵中的细胞质主要来自卵细胞；③受精时精子全部进入卵细胞内；④精子和卵细胞的染色体合在一起成为4N条；⑤受精卵中的染色体一半来自父方，一半来自母方．A①②⑤B③④⑤C①③④D②③④
高中 生物 现代生物技术专题 生物技术在其他方面的应用 复等位基因 基因工程的概念 基因工程的原理及技术,科学家将含有人体α﹣抗胰蛋白酶基因的表达载体注射到羊的受精卵中，该受精卵发育的雌羊乳汁中含有α﹣抗胰蛋白酶．上述过程一般不会发生（）Aα﹣抗胰蛋白酶基因与载体间基因重组Bα﹣抗胰蛋白酶基因在乳腺细胞中大量扩增CRNA聚合酶识别乳腺特异表达基因的启动子D乳腺细胞的高尔基体分泌α﹣抗胰蛋白酶
高中 生物 分子与细胞 溶酶体的结构和功能 与细胞分裂有关的细胞器 中心体的结构和功能 液泡的结构和功能 细胞的多样性和统一性 内质网的结构和功能 核糖体的结构和功能 高尔基体的结构和功能,下列关于原核细胞的叙述，正确的是（）A.原核细胞没有叶绿体B.原核细胞没有核糖体C.原核细胞不能进行细胞分裂D.原核细胞不能进行细胞呼吸
高中 生物 分子与细胞 溶酶体的结构和功能 与细胞分裂有关的细胞器 高尔基体的结构和功能 中心体的结构和功能 液泡的结构和功能 内质网的结构和功能 核糖体的结构和功能 走进细胞,关于人体细胞结构和功能的叙述，正确的是（）A.在细胞核内RNA能够传递和表达遗传信息B.核糖体是蛋白质合成和加工的主要场所C.线粒体内膜蛋白质和脂质的比值大于外膜D.高尔基体与有丝分裂过程中纺锤体形成有关
高中 地理 宇宙中的地球 太阳对地球的影响,下列现象的产生，与太阳活动无关的是（）A高纬地区出现的极光现象B短波无线电信号中断C火山的爆发D“磁暴”现象
高中 历史 古代史 中央官制——三公九卿制 郡县制 “重农抑商”政策 夏商两代的政治制度 皇帝制度 选官、用官制度的变化,元世祖忽必烈曾概括说，中书省是我的右手，枢密院是我的左手，御史台是我用来医两手的。这反映了当时政治运行机制的基本特点（）A.立法、行政、司法三权分立B.政令的草拟、审批和执行分设C.行政、军事、监察三大系统鼎立D.中央与地方既分权又相互制衡
高中 地理 生产活动与地域联系 农业区位因素,读我国柑橘的栽培区分布图，图中柑橘的分布充分反映了农业生产布局的特征是（）A整体性B地域性C季节性D周期性
高中 地理 宇宙中的地球 太阳对地球的影响,太阳大气结构由里到外的正确顺序是（）A光球、日冕、色球B色球、光球、日冕C日冕、色球、光球D光球、色球、日冕
高中 生物 现代生物技术专题 生物技术在其他方面的应用,2015年2月3日，英国议会下院通过一项历史性法案，允许以医学手段培育“三亲婴儿”。三亲婴儿的培育过程可选用如下技术路线。据图分析，下列叙述正确的是()A.该技术所依据的遗传学原理是无性生殖B.图中的①②③分别表示核移植、体细胞融合、早期胚胎培养C.三亲婴儿的染色体分别来自三个亲本D.该技术可以避免遗传学母亲的线粒体遗传病
高中 生物 生物技术实践 生物工程技术,在日常生活中，人们经常食用豆腐乳．豆腐乳又名腐乳，它是以豆腐为原料，经过发酵加工而成的口味鲜美、风味独特、营养丰富、价格低廉的深受人们喜爱的佐餐品．如图是腐乳制作的流程图．请回答下列问题：1.在制作腐乳时选择的豆腐含水量要适宜，如果含水量过多，则．2.传统的制作过程中，豆腐块上生长的毛霉来自．而现代的腐乳生产是在严格的无菌条件下，将优良的毛霉菌种接种在豆腐上，这样可以避免，保证产品的质量．3.在腐乳制作过程中，为了抑制杂菌生长，也使腐乳具有独特的香味，需要在腐乳浸液中加入；为了调节风味，也具有防腐作用，需要在腐乳浸液中加入；为了析出豆腐中的水分，使豆腐变硬，也抑制微生物生长，避免豆腐块腐败变质，需要在腐乳浸液中加入．4.在腐乳制作过程中毛霉生长阶段，温度应控制在大约．5.卤汤中的酒含量一般控制在左右，如果含量过高则会．
高中 生物 生物科学与社会 避孕的原理和方法 遗传的分子基础 遗传的细胞基础 人工授精、试管婴儿等生殖技术 生物性污染 基因的分离规律的实质及应用,性状分离是指（）A染色体的分离B染色体的基因分离C杂种后代表现出相对性状的不同类型D包括A，B，C
高中 地理 宇宙中的地球 地球运动的基本形式,假设黄赤交角变为25°26′下列说法正确的是（）A热带变大2度B北寒带变大2度C北温带变大4度D南寒带缩小4度
高中 历史 古代史 中央官制——三公九卿制 郡县制 “重农抑商”政策 夏商两代的政治制度 皇帝制度 选官、用官制度的变化,古代中国史上，曾有西北边境官员向朝廷报告紧急军情，皇帝即刻召集宰相及相关长官共商对策。由于宰相无权调动军队，乃由主管军队的长官提出作战方案，由主管财政的长官调度后勤物资，经皇帝裁决后，才调动军队增援前线。以上场景最有可能发生在（）A.汉代B.唐代C.宋代D.清代
高中 生物 遗传与进化 拉马克的进化学说,下列有关基因突变的叙述，错误的是（）A.只有进行有性生殖的生物才能发生基因突变B.诱发突变的突变率比自然突变的突变率高C.基因突变是生物进化的重要因素之一D.基因碱基序列改变不一定导致性状改变
高中 生物 生物科学与社会 避孕的原理和方法 减数分裂的概念 人工授精、试管婴儿等生殖技术 生物性污染 减数分裂与有丝分裂的比较,某哺乳动物的基因型为AABbEe，如图是其一个精原细胞在产生精细胞过程中某个环节的示意图，据此可以判断（）A图示细胞为次级精母细胞，细胞中含一个染色体组B三对基因的遗传遵循自由组合定律C图示细胞中，a基因来自基因突变或基因重组D该精原细胞产生的精细胞的基因型有ABe、aBe、AbE
高中 生物 分子与细胞 溶酶体的结构和功能 与细胞分裂有关的细胞器 中心体的结构和功能 液泡的结构和功能 细胞的多样性和统一性 内质网的结构和功能 核糖体的结构和功能 高尔基体的结构和功能,下列关于真核生物和原核生物的叙述，正确的是()A.蓝藻和绿藻都能够进行光合作用，所以都含有叶绿体B.硝化细菌是含有线粒体的自养型生物C.大肠杆菌和酵母菌的遗传物质都是DNAD.发菜和黑藻所含有的DNA都是裸露的
高中 生物 分子与细胞 溶酶体的结构和功能 与细胞分裂有关的细胞器 中心体的结构和功能 液泡的结构和功能 细胞的多样性和统一性 内质网的结构和功能 核糖体的结构和功能 高尔基体的结构和功能,下列关于真核生物、原核生物和病毒的叙述中有几不符合题意（）①乳酸菌、青霉菌、大肠杆菌都属于原核生物②乳酸菌、酵母菌都含有核糖体和DNA③T2噬菌体中只有一种细胞器，即核糖体④细胞没有叶绿体就不能进行光合作用⑤有些细菌只含有RNA．A.1项B.2项C.3项D.4项
高中 政治 公民道德与伦理常识 社会主义市场经济的伦理要求,至2012年初，我国政府推出新医改方案整整三周年，取得了显著成就。该方案的目标是建立覆盖城乡居民的基本医疗卫生制度，为群众提供安全、有效、方便、价廉的医疗卫生服务，实现人人享有基本医疗卫生服务。这项改革有利于[]A提高收入水平，改善人民生活B完善分配制度，调节过高收入C实现社会公平，构建和谐社会D统筹城乡发展，实现优势互补
高中 生物 稳态与环境 人体的体温调节 人体水盐平衡调节 血糖平衡的调节,如图表示人体在寒冷环境中与维持体温恒定有关的激素调节过程，下列各项说明中错误的是（）A.甲为促甲状腺激素释放激素，当丙增多时会抑制甲的分泌B.乙为促甲状腺激素，当丙增多时乙的分泌量会随之而增加C.丙为甲状腺激素，它能提高细胞代谢的速率，使机体产生更多的热量D.人体内激素含量的这种调节方式称为反馈调节
高中 生物 分子与细胞 组成细胞的化学元素 组成细胞的化合物,下列有关糖类的叙述正确的是（）A.在ATP，RNA和DNA中均含有核糖B.所有糖类都是生物体的主要能源物质C.在细胞膜上糖类均与蛋白质结合形成糖蛋白D.葡萄糖是构成纤维素、淀粉和糖原的基本单位
高中 生物 生物科学与社会 溶酶体的结构和功能 与细胞分裂有关的细胞器 减数分裂与有丝分裂的比较 避孕的原理和方法 拉马克的进化学说 减数分裂的概念 液泡的结构和功能 中心体的结构和功能 人工授精、试管婴儿等生殖技术 细胞的多样性和统一性 生态系统的营养结构 生物性污染 内质网的结构和功能 核糖体的结构和功能 高尔基体的结构和功能,将与生物学有关的内容依次填入如图各框中，其中包含关系错误的选项是（）框号选项123456A减数分裂减Ⅱ减Ⅰ同源染色体分离非同源染色体自由组合同源染色体非姐妹染色单体交叉互换B染色体变异结构变异数目变异易位重复倒位C单细胞生物原核生物真核生物单细胞真菌单细胞藻类单细胞动物D生态系统无机环境群落生产者消费者分解者AABBCCDD
高中 地理 生产活动与地域联系 工业区位因素,阅读材料，完成下列问题．材料一：近年来，印度人口已达13亿，CDP居世界第八，但智能手机普及率不及三分之一2017年小米和富士康集团合作，在印度安德拉郑5r1City建设小米的第二座手机代工工厂。材料二：印度安德拉郑sr1city是一个整合型商业城市，占地约100平方公里，提供各项先进公共设施及现代化的仓储设施．SriCity还拥有一个特定的免税区城。材料三：下图为Sricity示意图。1.说出小米公司与富士康合作在印度SriCity建设手机代工工厂的优势区位条件。2.指出印度引进小米手机代工工厂对本国的有利影响。
高中 地理 宇宙中的地球 地球运动的地理意义,2008年北京夏季奥运会开幕式于北京时间8月8日晚上8时正式开始．当北京时间是正午12点时，印度首都新德里（82.5°E）的时刻是（）A9点B10点C9点30分D10点30分
高中 历史 古代史 中央官制——三公九卿制 郡县制 “重农抑商”政策 夏商两代的政治制度 皇帝制度 选官、用官制度的变化,隋代以前地方长官可以自选僚属组成行政机构，但隋代以后“大小之官，悉由吏部，纤介之迹，皆属考功。”由此可见，隋代（）A.实行了科举制度B.加强了君主专制C.加强了中央集权D.三省六部制约皇权
高中 地理 宇宙中的地球 地球运动的地理意义,若黄赤交角为20°，则（）A太阳直射点移动范围变大B地轴与公转轨道面之间的夹角为80°C极昼区的范围变大D温带的范围变大
高中 历史 古代史 中央官制——三公九卿制 郡县制 “重农抑商”政策 夏商两代的政治制度 皇帝制度,某地边疆危机，消息上报朝廷后，皇帝一方面交待兵部尽速调兵迎敌，另一方面责成户部尽速调度粮草，备部队急用。幕僚根据皇帝之意，写成诏书，经皇帝确认无误后，直接送至兵部、户部等单执行。这位皇帝有可能是（）A.秦始皇B.唐玄宗C.宋太祖D.明太祖
高中 生物 生物科学与社会 不完全显性 人工授精、试管婴儿等生殖技术 生物性污染 避孕的原理和方法,血友病属于伴性遗传，苯丙酮尿症属于常染色体遗传。一对表现型正常的夫妇，生下一个即患血友病又患苯丙酮尿症的男孩子。如果他们再生一个女孩，表现型正常的概率是（）A.9/16B.3/4C.3/16D.1/4
高中 历史 现代史 文艺的春天,东方圣人孔子和古希腊哲人苏格拉底的思想既有许多相似之处，也有不同之处。二者在思想上的主要差异是（）A.是否强调知识的作用和道德的力量B.是否推崇君主权威C.是否注重对人与社会的研究D.是否体现人文精神
高中 生物 分子与细胞 溶酶体的结构和功能 与细胞分裂有关的细胞器 组成细胞的化学元素 中心体的结构和功能 液泡的结构和功能 细胞的多样性和统一性 组成细胞的化合物 内质网的结构和功能 核糖体的结构和功能 高尔基体的结构和功能,下列各组生物或细胞按照特征进行归纳正确的一组是（）A.无核膜：念珠藻、支原体、酵母菌、放线菌B.无DNA：蛙的成熟红细胞、植物导管细胞、烟草花叶病毒、HIVC.有叶绿体：胡萝卜、水绵、颤藻、马尾藻D.有细胞壁：酵母菌、硝化细菌、蓝藻、菠菜
高中 地理 宇宙中的地球 地球运动的地理意义,苏轼被贬黄州（今湖北省黄冈市）时，作《定风波》。其中写道：“三月七日，沙湖道中遇雨……莫听穿林打叶声，何妨吟啸且徐行。竹杖芒鞋轻胜马，谁怕？一蓑烟雨任平生。料峭春风吹酒醒，微冷，汕头斜照却相迎。回首向来萧瑟处，归去，也无风雨也无晴。”据此完下列各题。1.苏轼当时所处地区的典型植被为（）A.常绿阔叶林B.落叶阔叶林C.针叶林D.高山灌丛2.从材料中推断，该地当日最可能（）A.正值准静止锋控制多雨B.昼夜长短差别不大C.正午太阳位于观测者正北方D.夜间出现霜冻现象
高中 政治 公民道德与伦理常识 社会主义市场经济的伦理要求 劳动就业与守法经营,在市场经济中，市场就像一只“看不见的手”在引导着商品生产者、经营者，调节着人、财、物在全社会的配置，但市场调节也不是万能的，下列选项中，市场调节不了的是A大白菜B国防C婴儿奶粉D汽车
高中 地理 宇宙中的地球 地球的外部圈层结构及特点 地球的内部圈层结构及特点,地球的内部圈层结构由外到里依次是（）A地核--地幔--地壳B地幔--地核--地壳C地壳--地幔--地核D地壳--地核--地幔
高中 历史 古代史 中央官制——三公九卿制 郡县制 “重农抑商”政策 夏商两代的政治制度 皇帝制度 选官、用官制度的变化,从秦至清的两千多年中，许多皇帝或由于年幼庸弱，或由于当时形势和力量对比的变化，因而受制于母后、外戚、宦官、权臣、地方割据势力等，导致权力的萎缩或丧失，这种现象实质上是：（）A.君主专制被颠覆B.中央集权体制遭到破坏C.君权至上的后果D.君主权力受到制约
高中 生物 生物技术实践 生物技术在其他方面的应用 器官移植 复等位基因 胚胎移植 基因工程的概念 基因工程的原理及技术 培养基与无菌技术,如图为某生物工程操作流程模式图，下列说法正确的是（）A若此图表示基因工程的操作流程，若A为质粒，则B表示重组DNA分子B若此图表示动物细胞融合过程，则形成C（杂种细胞）的原理是细胞全能性C若此图为试管牛生产的技术流程图，则获得A（精子）后可直接与B进行体外受精D若此图为试管婴儿的培育过程，则包括体外受精、细胞培养和胚胎移植等方面
高中 生物 分子与细胞 蛋白质的合成 组成细胞的化学元素 组成细胞的化合物,豌豆叶肉细胞中，占干重最多的化合物是（）A.核酸B.脂质C.蛋白质D.水
高中 历史 古代史 中央官制——三公九卿制 郡县制 “重农抑商”政策 夏商两代的政治制度 皇帝制度 选官、用官制度的变化,中国历史上累世同居的大家族被社会称为“义门”。元朝浙东浦江义门郑氏，“其家十世同居，凡二百四十余年”，屡受朝廷褒奖。元末战乱，农民军多次进人浦江县．都互相告诫：不得侵犯郑氏家族。并派兵保护郑氏府第，护送外出逃难的郑氏家人返回。这反映了（）A.封建社会聚族而居的安全功能B.儒家忠孝节义的道德底线作用C.郑氏结交农民军以求乱世自保D.郑氏的善行义举赢得社会尊崇
高中 地理 生产活动与地域联系 农业区位因素,20世纪60、70年代，数以万计转业军人和知识青年奔赴北大荒开垦荒地，使这块沉睡的荒芜之地变成世界闻名的“北大仓”。据此回答下列各题。1.北大荒发展农业的主要优势及制约因素是（）A.气候资源优势水源不足B.土地资源优势热量不足C.动物资源优势地形崎岖D.劳动力资源优势土地贫瘠2.“北大仓”的发展方向应是（）①退耕还林②绿色食品基地③大力发展工业④农业现代化A.①②B.③④C.①③D.②④3.下列关于东北地区自然条件及其对农业影响的叙述，正确的是（）A.黑土广泛分布，但土层薄，极易被风吹蚀B.松嫩平原气候寒凉，只能两年三熟C.内部自然条件差异大，可划分为不同的农业生产区域D.耕地被高地或沼泽分割，地块小，不适合机械化生产4.有关我国东北商品粮基地与美国中央大平原商品谷物农业共同点的叙述，错误的是（）A.主要粮食作物为小麦、玉米B.两者都是商品农业，商品率都很高C.两区都是机械化大规模生产，劳动生产率高D.两区的农场均为大型国有农场
高中 地理 生产活动与地域联系 农业区位因素,随着社会进步，自然因素不再是影响农业区位的因素。
高中 生物 生物技术实践 生物工程技术,如表表格内容中，有错误的选项是（）检测物质或生物检测方法显示颜色变化A酒精酸性重铬酸钾检测灰绿色B亚硝酸盐比色法玫瑰红色C分解尿素的细菌酚红指示剂检测法红色D分解纤维素的细菌刚果红检测法红色变深AABBCCDD
高中 生物 遗传与进化 不完全显性 人工授精、试管婴儿等生殖技术 生物性污染 避孕的原理和方法,下列有关优生措施的叙述错误的是（）A.羊膜腔穿刺可用于确诊胎儿是否患21－三体综合征B.即使通过产前诊断发现胎儿确有缺陷，也不可以终止妊娠C.禁止近亲结婚可以减少畸形胎的产生D.进行遗传咨询可以推算后代发病的风险
高中 生物 分子与细胞 蛋白质的合成 组成细胞的化学元素 组成细胞的化合物,组成蛋白质的氨基酸之间的肽键结构式可以表示为（）。A.NH—COB.—NH—CO—C.—NH2—COOH—D.NH2—COOH
高中 地理 宇宙中的地球 地球运动的地理意义,在北京，下列节日中昼夜长短相差最小的一天是（）A我国国庆节B国际劳动节C元旦D圣诞节
高中 生物 生物科学与社会 不完全显性 避孕的原理和方法 拉马克的进化学说 人工授精、试管婴儿等生殖技术 生物性污染,人体中某基因突变后合成的异常蛋白质会导致使人患某种单基因遗传病。下列叙述错误的是（）A致病基因与正常基因是一对等位基因，该致病基因转录结束后，DNA恢复为双链结构B细胞中少量mRNA可以快速合成大量蛋白质的主要原因是多个核糖体同时结合到一条mRNA上C该致病基因合成的蛋白质和正常蛋白质相比，氨基酸的种类和数量都会发生变化D蛋白质的合成需经过转录和翻译过程，该过程不可能发生在人体成熟的红细胞中
高中 生物 稳态与环境 群落的结构,某同学在对一块面积为5000m2的野生草坪进行野外调查时，选取了5个样点，每个样点4m2，发现5个样点中某种草药的株数依次为12，15，14，17，12株．可估算出这块草坪中这种草药株数为（）A15000B16250C17500D70000
高中 生物 稳态与环境 人体的体温调节 人体水盐平衡调节 血糖平衡的调节,某一健康男子冬泳时，其机体发生的相关反应的叙述中，正确的是（）A.分泌的甲状腺激素减少B.皮肤产生冷觉，皮肤血管收縮C.皮肤起“鸡皮疙瘩”不需要大脑皮层参与D.体温维持相对恒定不受神经系统的调节
高中 历史 近代史 第三产业的兴起和“新经济”的出现 垄断组织的出现,下列现象最能说明鸦片战争后自然经济开始解体的是（）A.农民丧失土地的现象严重B.越来越多的农民购买洋纱．洋布C.列强大量收购中国的丝茶D.洋务派创办了一批近代军事工业
高中 生物 生物科学与社会 避孕的原理和方法 减数分裂的概念 人工授精、试管婴儿等生殖技术 生物性污染 减数分裂与有丝分裂的比较,在减数分裂过程中，染色体数目减半发生在（）A减数第一次分裂后期B减数第一次分裂结束时C减数第二次分裂后期D减数第二次分裂结束时
高中 生物 生物技术实践 生物技术在其他方面的应用 培养基与无菌技术,植物细胞杂交可以培养杂种植物，下列是某科研小组的操作．请回答相关问题．1.将甲、乙两个不同品种的植株进行杂交，首先要去掉植物细胞的细胞壁，采用的酶是，得到原生质体甲和原生质体乙，然后进行人工诱导形成细胞团，通常采用的促融剂是．2.甲细胞的基因型为Gg，乙细胞的基因型为Hh（两对基因位于不同对的同源染色体上）两两融合后所形成细胞的基因型为．3.经研究发现，在光照强度大于800lux时，只有同时存在G和H基因的细胞才能分化形成丛芽，可据此筛选出杂种细胞．丛芽进一步培养长大为植株，该植株自交后代中，继续在大于800lux的光照下培养，能长成植株个体的基因型为．4.在进行分化培养时需要换瓶操作，换瓶的主要目的是．5.植物体细胞杂交的优点是．
高中 政治 公民道德与伦理常识 社会主义市场经济的伦理要求,改革开放30多年来，我国居民收入大幅增长，但分配失衡问题也日益凸显。数据显示，内地基尼系数已激增至0.61，大大超出0.4的警戒线。因此，合理调整收入分配关系，已成为当下改革攻坚的重点。近年来，我国取消农业税，每年减轻农民负担1335亿元；连续上调最低工资、基本养老金，大幅提高国家扶贫标准和城乡低保补助水平；将个税起征点提到3500元，明显减轻工薪阶层税负……党的十八大报告提出到2020年“实现国内生产总值和城乡居民人均收入比2010年翻一番”的新要求，描绘了全面建成小康社会后国民收入倍增的美好画面。注：基尼系数是国际上用来综合考察居民内部收入分配差异状况的一个重要分析指标。它是一个比值，数值在0和1之间。基尼系数的数值越大，表明财富在社会成员之间的分配越悬殊。请运用《经济生活》知识回答下列问题：（1）我国收入分配公平的主要表现是什么？（2）联系材料，请你谈谈怎样才能增加居民收入、实现收入分配公平？
高中 地理 生产活动与地域联系 农业区位因素,下列地区与所列特色农业相匹配的是：（）A海南岛——反季节无公害蔬菜生产基地B云贵高原——烤烟、花卉、药材生产基地C西南地区——梨、茶叶、甘蔗D山东丘陵——苹果、柑橘、甜菜
高中 生物 稳态与环境 群落的结构,如图为银鱼种群增长速率随时间的变化曲线。下列相关叙述中正确的是()A.Q时，银鱼的种群增长倍数为0B.Q时是捕获银鱼的较为适宜时期C.在L〜M时段，该种群数量呈“J”型增长D.增长速率大于0时，银鱼种群的出生率大于死亡率
高中 历史 现代史 第三产业的兴起和“新经济”的出现 垄断组织的出现,1912年至1920年，中国工业增长率达到了13．4%；1919-1922年期间中国私人资本的工矿交通业投资年增长率为13．94%；1923—1927年新设企业共608家，创办资本额共约1．03亿元，新设企业家数超过了一战期间的数字；1928—1937年中国工业产值年增长率达到8%以上。对上述材料蕴含信息的解读不正确的是（）A.一战期间民族资本主义较快发展B.一战后列强卷土重来使民族资本主义陷入绝境C.南京国民政府统治前期民族资本主义发展较快D.20世纪早期民族资本主义总体处于发展态势
高中 地理 宇宙中的地球 地球运动的地理意义,当某地正午时，北京时间为12时16分，则该地经度为（）A116°EB124°EC104°ED136°E
高中 历史 古代史 中央官制——三公九卿制 郡县制 “重农抑商”政策 夏商两代的政治制度 皇帝制度 选官、用官制度的变化,白钢在《中国政治制度史》中说：“元朝的行省实际上是封建中央集权分寄于地方，……负责处理境内政治、军事、经济等各类事务。此外行省还有一个重要职能是聚集境内财富，以供中央需要。行省的治所往往就是完成这种职能的‘中转站’。”对材料理解准确的是（）A.行省制容易导致地方势力膨胀B.行省制下地方权力相当大C.行省制体现了分权与制衡原则D.行省是元朝最高行政机构
高中 地理 宇宙中的地球 地球所处的宇宙环境,“太阳大，地球小，太阳带着地球跑；地球大，月亮小，地球带着月亮跑。”重温儿时的童谣，回答下列各题。1.下列属于天体的是（）A.B.C.D.2.童谣中出现的天体，按先后顺序排列的是（）A.恒星、行星、卫星B.星云、恒星、行星C.恒星、行星、小行星D.恒星、小行星、流星体3.此童谣中有几级天体系统（）A.一级B.两级C.三级D.四级
高中 生物 现代生物技术专题 生物技术在其他方面的应用 培养基与无菌技术,如图是单克隆抗体制备流程的简明示意图．下列有关叙述，正确的是（）A①是从已免疫的小鼠脾脏中获得的效应T淋巴细胞B②中使用胰蛋白酶有利于杂交瘤细胞的形成C③同时具有脾脏细胞和鼠骨髓瘤细胞的特性D④是经筛选培养获得的能分泌特异性抗体的细胞群
高中 地理 人口与城市 人口增长与人口问题,下表为2010年与2000年广州市人口部分统计数据，据此判断下列最合理的措施是（）A增加小学教育学位B创设更多就业机会C减少社会养老支出D推出更多大户型楼盘
高中 历史 近代史 海峡两岸关系的发展,《权利法案》在英国政治史上影响深远，它最主要的作用是（）A.巩固了资产阶级革命成果B.成立了君主立宪制资产阶级专政C.以明确的法律条文限制了国王大权D.维护了资产阶级和新贵族的利益
高中 地理 宇宙中的地球 地球的外部圈层结构及特点 地球的内部圈层结构及特点,地球内部由外向里的分层依次是（）A地幔、地壳、地核B地核、地幔、地壳C地壳、地幔、地核D地壳、地核、地幔
高中 生物 遗传与进化 避孕的原理和方法 遗传的分子基础 遗传的细胞基础 人工授精、试管婴儿等生殖技术 生物性污染 基因的分离规律的实质及应用,甲、乙两位同学分别用小球做孟德尔定律模拟实验。甲同学每次分别从Ⅰ、Ⅱ小桶中随机抓取一个小球并记录字母组合；乙同学每次分别从Ⅲ、Ⅳ小桶中随机抓取一个小球并记录字母组合。下列叙述错误的是()A.将抓取的小球可不用放回原来小桶，但必须多次重复B.实验中每只小桶内两种小球的数量必须相等C.甲同学模拟的是等位基因的分离和配子的随机结合D.甲、乙重复300次实验后，统计的Dd、AB组合的概率分别约为50%、25%
高中 生物 稳态与环境 生态系统的营养结构,某相对稳定的生态系统中三叶草、蜗牛、鸫之间构成一条食物链，其数量变化关系如图所示（图中不同阴影的面积表示不同比例尺下的个体数量）。下列叙述错误的是（）A.三叶草、蜗牛、鸫构成的食物链是捕食链B.图中甲代表鸫，丙代表蜗牛C.乙体内DDT浓度最低D.如果该生态系统迁入了大量蜗牛，短时间内甲的数量将会下降
高中 历史 现代史 文艺的春天,"“侧隐之心,仁之端也;羞恶之心,义之端也;辞让之心,礼之端也;是非之心,智之端也。人之有是四端也,犹其有四体也。”此段文字出自（）A.《孟子》B.《庄子》C.《韩非子》D.《道德经》"
高中 生物 生物科学与社会 避孕的原理和方法 遗传的分子基础 遗传的细胞基础 人工授精、试管婴儿等生殖技术 生物性污染 基因的自由组合规律的实质及应用,已知水稻高秆(T)对矮秆(t)为显性，抗病(R)对感病(r)为显性，这两对基因遵循自由组合定律。现将一株表现型为高秆、抗病的植株的花粉授给另一株表现型相同的植株，所得后代表现型是高秆∶矮秆＝3∶1，抗病∶感病＝3∶1。根据以上实验结果，判断下列叙述错误的是()A.以上后代群体的表现型有4种B.以上后代群体的基因型有9种C.以上两株亲本可以分别通过不同杂交组合获得D.以上两株表现型相同的亲本，基因型不相同
高中 生物 分子与细胞 生命活动离不开细胞 避孕的原理和方法 人工授精、试管婴儿等生殖技术 生物性污染 减数分裂与有丝分裂的比较,如图为人体细胞正常分裂时有关物质或结构数量变化曲线，下列分析错误的是（）A.若曲线表示减数分裂每条染色体上DNA分子数目变化的部分曲线，则n等于1B.若曲线表示有丝分裂染色体数目变化的部分曲线，则n等于46C.若曲线表示减数第一次分裂核DNA分子数目变化的部分曲线，则n等于23D.若曲线表示有丝分裂染色体组数数目变化的部分曲线，则n等于2
高中 生物 生物科学与社会 避孕的原理和方法 减数分裂的概念 人工授精、试管婴儿等生殖技术 生物性污染 减数分裂与有丝分裂的比较,下列各图所示细胞均来自同一生物体，有关叙述正确的是（）A.属于有丝分裂过程的图是③④⑤B.细胞①的形成过程：④→③→②→⑥→①C.图①和图②可能来自于同一个初级精母细胞D.图③④⑤⑥中都具有同源染色体
高中 生物 分子与细胞 细胞大小与物质运输的关系,下图为哺乳动物红细胞运输葡萄糖的示意图，下列分析错误的是（）A.线粒体外膜上也存在该种载体蛋白B.载体蛋白构象的改变不需要消耗ATPC.葡萄糖的运输方向取决于膜两侧的浓度差D.小肠绒毛上皮细胞吸收葡萄糖方式与此不同
高中 生物 生物科学与社会 人工授精、试管婴儿等生殖技术 减数分裂与有丝分裂的比较 生物性污染 避孕的原理和方法,如图是细胞减数分裂过程中的联会时期示意图。图中同源染色体的数目是（）A.1对B.2对C.3对D.4对
高中 生物 生物科学与社会 避孕的原理和方法 遗传的分子基础 遗传的细胞基础 人工授精、试管婴儿等生殖技术 生物性污染 基因的分离规律的实质及应用,下列描述属于相对性状的是（）①狗的长毛与短毛②猫的白毛与蓝眼③狐的长尾与短尾④水稻的抗稻瘟病与小麦的抗锈病⑤豌豆的高茎与矮茎⑥番茄的黄果与牡丹的黄花．A①②③⑤B①③④⑤C①③⑤D②③④⑥
高中 生物 生物科学与社会 避孕的原理和方法 伴性遗传 遗传的分子基础 遗传的细胞基础 人工授精、试管婴儿等生殖技术 生物性污染,"在果蝇野生型与白眼雄性突变体的杂交实验中,摩尔根最早能够推断白眼基因位于X染色体上的实验结果是（）A白眼突变体与野生型杂交,F1全部表现野生型,雌雄比例为1∶1BF1中雌雄果蝇杂交,后代出现性状分离,且白眼全部为雄性CF1雌性果蝇与白眼雄性果蝇杂交,后代出现白眼果蝇,且雌雄比例为1∶1D白眼雌果蝇与野生型雄果蝇杂交,后代白眼果蝇全部为雄性,野生型全部为雌性"
高中 历史 现代史 第三产业的兴起和“新经济”的出现 垄断组织的出现,某研究性学习小组根据下表信息所得出的结论中，错误的是（）A.企业内迁与战局发展直接相关B.民族工业在炮火洗礼中迅速发展壮大C.西南地区是中国抗战时期的大后方D.近代中国的工业布局因此发生改变
高中 地理 宇宙中的地球 太阳对地球的影响,太阳活动对地球的影响有（）①无线电短波通讯暂时中断②发生“磁暴”现象③影响地壳的运动④苍海桑田变幻A①②B②③C③④D②④
高中 生物 分子与细胞 溶酶体的结构和功能 与细胞分裂有关的细胞器 中心体的结构和功能 液泡的结构和功能 细胞的多样性和统一性 内质网的结构和功能 核糖体的结构和功能 高尔基体的结构和功能,下列关于细胞这一最基本生命系统共性的叙述，不正确的是（）A.都以细胞膜为界膜B.都有膜包被的功能专一的细胞器C.都以核糖体作为蛋白质合成场所D.都在DNA分子中储存遗传信息
高中 生物 分子与细胞 溶酶体的结构和功能 与细胞分裂有关的细胞器 高尔基体的结构和功能 中心体的结构和功能 液泡的结构和功能 内质网的结构和功能 核糖体的结构和功能 走进细胞,下列关于线粒体的叙述，正确的是（）A.外膜的面积比内膜的大B.外膜蛋白质与脂质的比例高于内膜C.既能产生水，也要消耗水D.含有DNA，不含RNA
高中 政治 公民道德与伦理常识 社会主义市场经济的伦理要求 劳动就业与守法经营,辨析题（12分）食品安全事件的一再出现，使市场经济下的诚信问题再度成为人们关注的焦点。大众呼吁有关部门严格执法，期盼建立诚信的市场秩序。辩题：市场经济健康发展，需要建立和严格执行各种法律和制度。